{
  "generator-jhipster": {
    "applicationType": "monolith",
    "authenticationType": "jwt",
    "baseName": "Entropy",
    "blueprints": [],
    "buildTool": "maven",
    "cacheProvider": "ehcache",
    "clientFramework": "react",
    "clientPackageManager": "npm",
    "clientTheme": "none",
    "clientThemeVariant": "",
    "creationTimestamp": 1645881922036,
    "databaseType": "sql",
    "devDatabaseType": "mysql",
    "devServerPort": 9060,
    "dtoSuffix": "DTO",
    "enableGradleEnterprise": false,
    "enableHibernateCache": true,
    "enableSwaggerCodegen": false,
    "enableTranslation": true,
    "entitySuffix": "",
    "gitCompany": "",
    "jhiPrefix": "jhi",
    "jhipsterVersion": "7.6.0",
    "jwtSecretKey": "NDIzYWFjNTNhMDVlMjc0MTUzZTlhZWUxYzJmNDNiOWIwNzkxNzY3MzgyNDQ0MjM5MmI4Y2EzM2NmMjM2MTllMGE3YmQ4YmRkNmQ1ZDY3OTNhYTc0MjVmYWNmZmIxZmY3MDBkMmY1MDZiZWUwNWMzMmViYmY2NjUxZmUyOWFkZDg=",
    "languages": ["en", "pl"],
    "messageBroker": false,
    "nativeLanguage": "en",
    "otherModules": [],
    "packageFolder": "com/entropy",
    "packageName": "com.entropy",
    "pages": [],
    "prodDatabaseType": "mysql",
    "reactive": false,
    "searchEngine": false,
    "serverPort": 8080,
    "serviceDiscoveryType": "eureka",
    "skipCheckLengthOfIdentifier": false,
    "skipFakeData": false,
    "skipUserManagement": false,
    "testFrameworks": [],
    "useSass": true,
    "websocket": false,
    "withAdminUi": true
  }
}
